AT26782939,aston-martin,dbs-superleggera,superleggera,Aston Martin DBS Superleggera DBS Superleggera Coupe,6999999,Used Car,2022,2200,Automatic,Petrol,AutoTrader,Link
AT26757543,aston-martin,dbs-superleggera,superleggera,Aston Martin DBS Superleggera DBS Superleggera Coupe,5499999,Used Car,2020,19000,Automatic,Petrol,AutoTrader,Link
AT26589612,aston-martin,db11,v8,Aston Martin DB11 V8 Volante,POA,Used Car,2022,50,Automatic,Petrol,AutoTrader,Link
AT26860853,aston-martin,vanquish,v12,Aston Martin Vanquish Coupe,4499995,Used Car,2016,940,Automatic,Petrol,AutoTrader,Link
AT26782921,aston-martin,dbx,dbx,Aston Martin DBX DBX,4499000,Used Car,2021,8900,Automatic,Petrol,AutoTrader,Link
AT26782930,aston-martin,dbx,dbx,Aston Martin DBX DBX,4499000,Used Car,2021,1950,Automatic,Petrol,AutoTrader,Link
AT26832234,aston-martin,dbx,dbx,Aston Martin DBX DBX,4499000,Used Car,2021,10000,Automatic,Petrol,AutoTrader,Link
AT26897948,aston-martin,dbx,dbx,Aston Martin DBX DBX,4495000,Used Car,2022,9800,Automatic,Petrol,AutoTrader,Link
AT26910394,aston-martin,dbx,dbx,Aston Martin DBX DBX,4395000,Used Car,2022,7550,Automatic,Petrol,AutoTrader,Link
AT26897912,aston-martin,dbx,dbx,Aston Martin DBX DBX,4295000,Used Car,2021,1950,Automatic,Petrol,AutoTrader,Link
AT26834035,aston-martin,vantage,v8,Aston Martin Vantage V8 Vantage Roadster Auto,3999999,Used Car,2021,2650,Automatic,Petrol,AutoTrader,Link
AT26770091,aston-martin,dbx,dbx,Aston Martin DBX DBX,3995000,Used Car,2020,15800,Automatic,Petrol,AutoTrader,Link
AT26905500,aston-martin,db11,v12,Aston Martin DB11 V12 Coupe,3199999,Used Car,2017,7500,Automatic,Petrol,AutoTrader,Link
AT26711784,aston-martin,db11,v8,Aston Martin DB11 V8 Coupe,3099999,Used Car,2019,8800,Automatic,Petrol,AutoTrader,Link
AT26818619,aston-martin,db11,v12,Aston Martin DB11 V12 Coupe,2999900,Used Car,2017,11000,Automatic,Petrol,AutoTrader,Link
AT26249363,aston-martin,vanquish,v12,Aston Martin Vanquish Coupe Carbon Edition,2950000,Used Car,2016,8800,Automatic,Petrol,AutoTrader,Link
AT26667178,aston-martin,vantage,v8,Aston Martin Vantage V8 Coupe Auto,2699999,Used Car,2019,6000,Automatic,Petrol,AutoTrader,Link
AT26763338,aston-martin,vanquish,v12,Aston Martin Vanquish Volante,2690000,Used Car,2016,22800,Automatic,Petrol,AutoTrader,Link
AT26899295,aston-martin,db11,v12,Aston Martin DB11 V12 Coupe,2499999,Used Car,2017,38500,Automatic,Petrol,AutoTrader,Link
AT26736432,aston-martin,vanquish,v12,Aston Martin Vanquish Coupe Carbon Edition,2395000,Used Car,2016,30000,Automatic,Petrol,AutoTrader,Link
AT26879528,aston-martin,vanquish,v12,Aston Martin Vanquish Volante,2290000,Used Car,2014,26863,Automatic,Petrol,AutoTrader,Link
AT26861498,aston-martin,db9,v12,Aston Martin DB9 Volante Carbon Edition,1999000,Used Car,2015,27800,Automatic,Petrol,AutoTrader,Link
AT26093458,aston-martin,db9,v12,Aston Martin DB9 Volante,1899900,Used Car,2013,6700,Automatic,Petrol,AutoTrader,Link
AT26728178,aston-martin,dbs,v12,Aston Martin DBS Volante Auto,1850000,Used Car,2012,20000,Automatic,Petrol,AutoTrader,Link
AT26847720,aston-martin,virage,v12,Aston Martin Virage Coupe,1799999,Used Car,2011,15500,Automatic,Petrol,AutoTrader,Link
AT26208582,aston-martin,vantage,v12,Aston Martin Vantage V12 Vantage,1795000,Used Car,2011,24000,Manual,Petrol,AutoTrader,Link
AT26822574,aston-martin,vantage,v8,Aston Martin Vantage V8 Vantage Auto,1499900,Used Car,2015,55600,Automatic,Petrol,AutoTrader,Link
AT26843079,aston-martin,db9,v12,Aston Martin DB9 Coupe,1399999,Used Car,2013,30100,Automatic,Petrol,AutoTrader,Link
AT26534284,aston-martin,rapide,v12,Aston Martin Rapide Rapide S,1399995,Used Car,2016,83356,Automatic,Petrol,AutoTrader,Link
AT26887620,aston-martin,dbs,v12,Aston Martin DBS Coupe Auto,1350000,Used Car,2009,48668,Automatic,Petrol,AutoTrader,Link
AT26684093,aston-martin,rapide,v12,Aston Martin Rapide Rapide S,1349990,Used Car,2014,25000,Automatic,Petrol,AutoTrader,Link
AT26708450,aston-martin,db9,v12,Aston Martin DB9 Auto,1349990,Used Car,2013,59000,Automatic,Petrol,AutoTrader,Link
AT26796238,aston-martin,vantage,v8,Aston Martin Vantage Coupe,1199000,Used Car,2013,37000,Automatic,Petrol,AutoTrader,Link
AT26822332,aston-martin,vantage,v8,Aston Martin Vantage V8 Vantage Roadster Auto,999999,Used Car,2013,22500,Automatic,Petrol,AutoTrader,Link
AT25994245,aston-martin,vantage,v8,Aston Martin Vantage V8 Vantage Roadster,995000,Used Car,2014,22000,Manual,Petrol,AutoTrader,Link
AT26715574,aston-martin,vantage,v8,Aston Martin Vantage V8 Vantage Roadster Auto,990000,Used Car,2008,70000,Automatic,Petrol,AutoTrader,Link
AT26816094,aston-martin,vantage,v8,Aston Martin Vantage V8 Vantage Roadster Auto,899950,Used Car,2011,36300,Automatic,Petrol,AutoTrader,Link
AT26775459,aston-martin,rapide,v12,Aston Martin Rapide Rapide,895000,Used Car,2011,51000,Automatic,Petrol,AutoTrader,Link
AT26655303,aston-martin,db9,v12,Aston Martin DB9 Volante Auto,829950,Used Car,2009,49480,Automatic,Petrol,AutoTrader,Link
AT26670411,aston-martin,db9,v12,Aston Martin DB9 Volante Auto,799950,Used Car,2008,46768,Automatic,Petrol,AutoTrader,Link
AT26790232,aston-martin,db9,v12,Aston Martin DB9 Coupe Auto,799900,Used Car,2008,29950,Automatic,Petrol,AutoTrader,Link
AT26774745,aston-martin,db9,v12,Aston Martin DB9 Coupe Auto,769999,Used Car,2010,50100,Automatic,Petrol,AutoTrader,Link
AT25711124,aston-martin,db9,v12,Aston Martin DB9 Coupe Auto,699800,Used Car,2008,39000,Automatic,Petrol,AutoTrader,Link
AT26152560,aston-martin,vantage,v8,Aston Martin Vantage V8 Vantage Roadster Auto,695000,Used Car,2008,49000,Automatic,Petrol,AutoTrader,Link
AT26832790,aston-martin,vantage,v8,Aston Martin Vantage V8 Vantage Auto,679990,Used Car,2008,56600,Automatic,Petrol,AutoTrader,Link
AT26788330,aston-martin,db9,v12,Aston Martin DB9 Auto,674990,Used Car,2007,83000,Automatic,Petrol,AutoTrader,Link
AT26498956,aston-martin,vantage,v8,Aston Martin Vantage V8 Vantage Roadster Auto,599900,Used Car,2007,64000,Automatic,Petrol,AutoTrader,Link
AT26904237,aston-martin,vantage,v8,Aston Martin Vantage V8 Vantage,589995,Used Car,2007,56000,Manual,Petrol,AutoTrader,Link
AT24926436,aston-martin,vantage,v8,Aston Martin Vantage V8 Vantage Auto,549900,Used Car,2009,92800,Automatic,Petrol,AutoTrader,Link
AT26416948,aston-martin,vantage,v8,Aston Martin Vantage V8 Vantage Roadster Auto,489950,Used Car,2009,67000,Automatic,Petrol,AutoTrader,Link
AT26479110,aston-martin,db9,v12,Aston Martin DB9 Volante Auto,449950,Used Car,2006,64000,Automatic,Petrol,AutoTrader,Link
AT26865783,aston-martin,db11,v12,Aston Martin DB11 V12 Coupe,2500000,Used Car,2019,38000,Automatic,Petrol,AutoTrader,Link
AT26375555,aston-martin,vanquish,6-speed,Aston Martin Vanquish Vanquish,1995000,Used Car,2002,27000,Automatic,Petrol,AutoTrader,Link
AT26856240,aston-martin,vanquish,v12,Aston Martin Vanquish Coupe,1699999,Used Car,2013,76000,Automatic,Petrol,AutoTrader,Link
AT26788675,aston-martin,vantage,v8,Aston Martin Vantage V8 Vantage N430 Auto,1699900,Used Car,2015,67950,Automatic,Petrol,AutoTrader,Link
AT26907474,aston-martin,db9,v12,Aston Martin DB9 Coupe Auto,949999,Used Car,2011,51000,Automatic,Petrol,AutoTrader,Link
AT26813673,aston-martin,db9,v12,Aston Martin DB9 Coupe Auto,849000,Used Car,2005,18000,Automatic,Petrol,AutoTrader,Link
AT26699509,aston-martin,rapide,v12,Aston Martin Rapide Rapide,749000,Used Car,2011,86500,Automatic,Petrol,AutoTrader,Link
AT26790664,aston-martin,db9,v12,Aston Martin DB9 Auto,674980,Used Car,2007,82978,Automatic,Petrol,AutoTrader,Link
AT26693679,aston-martin,vantage,v8,Aston Martin Vantage V8 Vantage,629900,Used Car,2007,43000,Manual,Petrol,AutoTrader,Link
AT26865450,aston-martin,vantage,v8,Aston Martin Vantage V8 Vantage N400,559950,Used Car,2007,54000,Manual,Petrol,AutoTrader,Link
AT26902865,aston-martin,vantage,v8,Aston Martin Vantage V8 Vantage Roadster Auto,486900,Used Car,2008,67372,Automatic,Petrol,AutoTrader,Link