AT26747211,toyota,hilux,2.5d-4d,Toyota Hilux 2.5D-4D Double Cab Raider Legend 45,419990,Used Car,2015,234000,Manual,Diesel,AutoTrader,Link
AT26894351,toyota,hilux,2.5d-4d,Toyota Hilux 2.5D-4D Double Cab Raider Legend 45,359995,Used Car,2015,69000,Manual,Diesel,AutoTrader,Link
AT26889527,toyota,hilux,2.5d-4d,Toyota Hilux 2.5D-4D Double Cab Raider Legend 45,349990,Used Car,2015,94000,Manual,Diesel,AutoTrader,Link
AT26292918,toyota,hilux,2.5d-4d,Toyota Hilux 2.5D-4D Double Cab 4x4 SRX,339880,Used Car,2015,142000,Manual,Diesel,AutoTrader,Link
AT26847564,toyota,hilux,2.5d-4d,Toyota Hilux 2.5D-4D Double Cab Raider Legend 45,324995,Used Car,2015,209000,Manual,Diesel,AutoTrader,Link
AT26853309,toyota,hilux,2.5d-4d,Toyota Hilux 2.5D-4D Double Cab 4x4 SRX,319900,Used Car,2013,131886,Manual,Diesel,AutoTrader,Link
AT26839318,toyota,hilux,2.5d-4d,Toyota Hilux 2.5D-4D SRX,299900,Used Car,2015,129860,Manual,Diesel,AutoTrader,Link
AT26889465,toyota,hilux,2.5d-4d,Toyota Hilux 2.5D-4D SRX,284990,Used Car,2015,182388,Manual,Diesel,AutoTrader,Link
AT26791217,toyota,hilux,2.5d-4d,Toyota Hilux 2.5D-4D Double Cab Raider,284900,Used Car,2013,196000,Manual,Diesel,AutoTrader,Link
AT26873329,toyota,hilux,2.5d-4d,Toyota Hilux 2.5D-4D Xtra Cab SRX,279900,Used Car,2015,240621,Manual,Diesel,AutoTrader,Link
AT26841209,toyota,hilux,2.5d-4d,Toyota Hilux 2.5D-4D SRX,279900,Used Car,2014,181000,Manual,Diesel,AutoTrader,Link
AT26905492,toyota,hilux,2.5d-4d,Toyota Hilux 2.5D-4D Xtra Cab SRX,279900,Used Car,2015,173460,Manual,Diesel,AutoTrader,Link
AT26704895,toyota,hilux,2.5d-4d,Toyota Hilux 2.5D-4D Double Cab 4x4 SRX,269995,Used Car,2014,169000,Manual,Diesel,AutoTrader,Link
AT26891714,toyota,hilux,2.5d-4d,Toyota Hilux 2.5D-4D Xtra Cab SRX,269990,Used Car,2015,205000,Manual,Diesel,AutoTrader,Link
AT26821790,toyota,hilux,2.5d-4d,Toyota Hilux 2.5D-4D SRX,259990,Used Car,2015,87000,Manual,Diesel,AutoTrader,Link
AT26779182,toyota,hilux,2.5d-4d,Toyota Hilux 2.5D-4D SRX,259900,Used Car,2015,211000,Manual,Diesel,AutoTrader,Link
AT26819938,toyota,hilux,2.5d-4d,Toyota Hilux 2.5D-4D 4x4 SRX,249990,Used Car,2013,243000,Manual,Diesel,AutoTrader,Link
AT26264132,toyota,hilux,2.5d-4d,Toyota Hilux 2.5D-4D Double Cab 4x4 SRX,239990,Used Car,2013,195000,Manual,Diesel,AutoTrader,Link
AT26872034,toyota,hilux,2.5d-4d,Toyota Hilux 2.5D-4D SRX,239990,Used Car,2014,240000,Manual,Diesel,AutoTrader,Link
AT26885746,toyota,hilux,2.5d-4d,Toyota Hilux 2.5D-4D SRX,229990,Used Car,2016,270000,Manual,Diesel,AutoTrader,Link
AT26843186,toyota,hilux,2.5d-4d,Toyota Hilux 2.5D-4D Double Cab 4x4 SRX,229990,Used Car,2012,254700,Manual,Diesel,AutoTrader,Link
AT26834817,toyota,hilux,2.5d-4d,Toyota Hilux 2.5D-4D SRX,229950,Used Car,2011,218000,Manual,Diesel,AutoTrader,Link
AT26790838,toyota,hilux,2.5d-4d,Toyota Hilux 2.5D-4D Xtra Cab SRX,229900,Used Car,2015,305293,Manual,Diesel,AutoTrader,Link
AT26855433,toyota,hilux,2.5d-4d,Toyota Hilux 2.5D-4D SRX,229500,Used Car,2013,203045,Manual,Diesel,AutoTrader,Link
AT26760094,toyota,hilux,2.5d-4d,Toyota Hilux 2.5D-4D,219900,Used Car,2013,199900,Manual,Diesel,AutoTrader,Link
AT26820920,toyota,hilux,2.5d-4d,Toyota Hilux 2.5D-4D Xtra Cab SRX,219900,Used Car,2015,397806,Manual,Diesel,AutoTrader,Link
AT26902880,toyota,hilux,2.5d-4d,Toyota Hilux 2.5D-4D SRX,209900,Used Car,2015,316381,Manual,Diesel,AutoTrader,Link
AT26910876,toyota,hilux,2.5d-4d,Toyota Hilux 2.5D-4D Xtra Cab SRX,209900,Used Car,2015,247330,Manual,Diesel,AutoTrader,Link
AT26757742,toyota,hilux,2.5d-4d,Toyota Hilux 2.5D-4D SRX,199995,Used Car,2014,112000,Manual,Diesel,AutoTrader,Link
AT26866874,toyota,hilux,2.5d-4d,Toyota Hilux 2.5D-4D,199900,Used Car,2014,336000,Manual,Diesel,AutoTrader,Link
AT26907267,toyota,hilux,2.5d-4d,Toyota Hilux 2.5D-4D,189990,Used Car,2014,313453,Manual,Diesel,AutoTrader,Link
AT26882087,toyota,hilux,2.5d-4d,Toyota Hilux 2.5D-4D 4x4 SRX,184999,Used Car,2008,240000,Manual,Diesel,AutoTrader,Link
AT26851667,toyota,hilux,2.5d-4d,Toyota Hilux 2.5D-4D 4x4 SRX,179900,Used Car,2011,156187,Manual,Diesel,AutoTrader,Link
AT26856645,toyota,hilux,2.5d-4d,Toyota Hilux 2.5D-4D,169950,Used Car,2015,271500,Manual,Diesel,AutoTrader,Link
AT26686754,toyota,hilux,2.5d-4d,Toyota Hilux 2.5D-4D Double Cab 4x4 SRX,159990,Used Car,2005,451000,Manual,Diesel,AutoTrader,Link
AT26698777,toyota,hilux,2.5d-4d,Toyota Hilux 2.5D-4D,145000,Used Car,2011,196000,Manual,Diesel,AutoTrader,Link
AT26873168,toyota,hilux,2.5d-4d,Toyota Hilux 2.5D-4D,133900,Used Car,2007,166035,Manual,Diesel,AutoTrader,Link
AT26890536,toyota,hilux,2.5d-4d,Toyota Hilux 2.5D-4D Double Cab Raider Legend 45,369899,Used Car,2015,103900,Manual,Diesel,AutoTrader,Link
AT26894330,toyota,hilux,2.5d-4d,Toyota Hilux 2.5D-4D Double Cab 4x4 SRX,319900,Used Car,2012,91000,Manual,Diesel,AutoTrader,Link
AT26885775,toyota,hilux,2.5d-4d,Toyota Hilux 2.5D-4D Double Cab 4x4 SRX,319000,Used Car,2013,182000,Manual,Diesel,AutoTrader,Link
AT26855049,toyota,hilux,2.5d-4d,Toyota Hilux 2.5D-4D Double Cab Raider,306900,Used Car,2013,284000,Manual,Diesel,AutoTrader,Link
AT26906689,toyota,hilux,2.5d-4d,Toyota Hilux 2.5D-4D Double Cab Raider Legend 45,299900,Used Car,2015,278000,Manual,Diesel,AutoTrader,Link
AT26800542,toyota,hilux,2.5d-4d,Toyota Hilux 2.5D-4D Double Cab 4x4 SRX,289950,Used Car,2011,206000,Manual,Diesel,AutoTrader,Link
AT26886947,toyota,hilux,2.5d-4d,Toyota Hilux 2.5D-4D Double Cab Raider Legend 45,280000,Used Car,2015,105000,Manual,Diesel,AutoTrader,Link
AT26270746,toyota,hilux,2.5d-4d,Toyota Hilux 2.5D-4D 4x4 SRX,279900,Used Car,2014,248000,Manual,Diesel,AutoTrader,Link
AT26804176,toyota,hilux,2.5d-4d,Toyota Hilux 2.5D-4D Double Cab 4x4 SRX,269950,Used Car,2012,221897,Manual,Diesel,AutoTrader,Link
AT24873011,toyota,hilux,2.5d-4d,Toyota Hilux 2.5D-4D,269900,Used Car,2014,115000,Manual,Diesel,AutoTrader,Link
AT26821850,toyota,hilux,2.5d-4d,Toyota Hilux 2.5D-4D Double Cab Raider,269900,Used Car,2014,310250,Manual,Diesel,AutoTrader,Link
AT26892206,toyota,hilux,2.5d-4d,Toyota Hilux 2.5D-4D,260000,Used Car,2013,174000,Manual,Diesel,AutoTrader,Link
AT26859114,toyota,hilux,2.5d-4d,Toyota Hilux 2.5D-4D 4x4 SRX,259900,Used Car,2013,253740,Manual,Diesel,AutoTrader,Link
AT26807927,toyota,hilux,2.5d-4d,Toyota Hilux 2.5D-4D Double Cab 4x4 SRX,257999,Used Car,2014,262000,Manual,Diesel,AutoTrader,Link
AT26890604,toyota,hilux,2.5d-4d,Toyota Hilux 2.5D-4D SRX,249900,Used Car,2015,130200,Manual,Diesel,AutoTrader,Link
AT26765132,toyota,hilux,2.5d-4d,Toyota Hilux 2.5D-4D Double Cab 4x4 SRX,249900,Used Car,2012,283000,Manual,Diesel,AutoTrader,Link
AT26848886,toyota,hilux,2.5d-4d,Toyota Hilux 2.5D-4D SRX,249900,Used Car,2013,260000,Manual,Diesel,AutoTrader,Link
AT26896285,toyota,hilux,2.5d-4d,Toyota Hilux 2.5D-4D Double Cab 4x4 SRX,239999,Used Car,2013,217610,Manual,Diesel,AutoTrader,Link
AT26759579,toyota,hilux,2.5d-4d,Toyota Hilux 2.5D-4D,239990,Used Car,2015,16660,Manual,Diesel,AutoTrader,Link
AT26795045,toyota,hilux,2.5d-4d,Toyota Hilux 2.5D-4D Double Cab Raider,239990,Used Car,2011,254000,Manual,Diesel,AutoTrader,Link
AT26908202,toyota,hilux,2.5d-4d,Toyota Hilux 2.5D-4D Double Cab 4x4 SRX,239990,Used Car,2015,175892,Manual,Diesel,AutoTrader,Link
AT26815788,toyota,hilux,2.5d-4d,Toyota Hilux 2.5D-4D Double Cab Raider,239900,Used Car,2011,311000,Manual,Diesel,AutoTrader,Link
AT26911043,toyota,hilux,2.5d-4d,Toyota Hilux 2.5D-4D Double Cab 4x4 SRX,238000,Used Car,2010,176000,Manual,Diesel,AutoTrader,Link
AT26826970,toyota,hilux,2.5d-4d,Toyota Hilux 2.5D-4D Double Cab 4x4 SRX,234999,Used Car,2012,160000,Manual,Diesel,AutoTrader,Link
AT26552409,toyota,hilux,2.5d-4d,Toyota Hilux 2.5D-4D SRX,229995,Used Car,2010,154500,Manual,Diesel,AutoTrader,Link
AT26896012,toyota,hilux,2.5d-4d,Toyota Hilux 2.5D-4D SRX,229990,Used Car,2013,219800,Manual,Diesel,AutoTrader,Link
AT26684307,toyota,hilux,2.5d-4d,Toyota Hilux 2.5D-4D Double Cab Raider,229900,Used Car,2009,309948,Manual,Diesel,AutoTrader,Link
AT26516228,toyota,hilux,2.5d-4d,Toyota Hilux 2.5D-4D SRX,229900,Used Car,2015,155000,Manual,Diesel,AutoTrader,Link
AT26714579,toyota,hilux,2.5d-4d,Toyota Hilux 2.5D-4D Xtra Cab SRX,229900,Used Car,2015,142000,Manual,Diesel,AutoTrader,Link
AT26731057,toyota,hilux,2.5d-4d,Toyota Hilux 2.5D-4D SRX,229900,Used Car,2013,300000,Manual,Diesel,AutoTrader,Link
AT26731077,toyota,hilux,2.5d-4d,Toyota Hilux 2.5D-4D Double Cab 4x4 SRX,229900,Used Car,2014,456000,Manual,Diesel,AutoTrader,Link
AT26731093,toyota,hilux,2.5d-4d,Toyota Hilux 2.5D-4D Double Cab Raider,229900,Used Car,2012,400000,Manual,Diesel,AutoTrader,Link
AT26623531,toyota,hilux,2.5d-4d,Toyota Hilux 2.5D-4D 4x4 SRX,229900,Used Car,2013,242274,Manual,Diesel,AutoTrader,Link
AT26903431,toyota,hilux,2.5d-4d,Toyota Hilux 2.5D-4D Double Cab Raider,229000,Used Car,2011,209000,Manual,Diesel,AutoTrader,Link
AT26886232,toyota,hilux,2.5d-4d,Toyota Hilux 2.5D-4D,228000,Used Car,2012,204000,Manual,Diesel,AutoTrader,Link
AT26865748,toyota,hilux,2.5d-4d,Toyota Hilux 2.5D-4D 4x4 SRX,224995,Used Car,2013,161000,Manual,Diesel,AutoTrader,Link
AT26744288,toyota,hilux,2.5d-4d,Toyota Hilux 2.5D-4D SRX,220000,Used Car,2016,171134,Manual,Diesel,AutoTrader,Link
AT26895157,toyota,hilux,2.5d-4d,Toyota Hilux 2.5D-4D Double Cab 4x4 SRX,219995,Used Car,2015,119000,Manual,Diesel,AutoTrader,Link
AT26629744,toyota,hilux,2.5d-4d,Toyota Hilux 2.5D-4D 4x4 SRX,219995,Used Car,2009,270000,Manual,Diesel,AutoTrader,Link
AT26826588,toyota,hilux,2.5d-4d,Toyota Hilux 2.5D-4D Xtra Cab SRX,219990,Used Car,2015,265000,Manual,Diesel,AutoTrader,Link
AT26819157,toyota,hilux,2.5d-4d,Toyota Hilux 2.5D-4D SRX,219950,Used Car,2013,163324,Manual,Diesel,AutoTrader,Link
AT26785674,toyota,hilux,2.5d-4d,Toyota Hilux 2.5D-4D,219950,Used Car,2015,160000,Manual,Diesel,AutoTrader,Link
AT26807954,toyota,hilux,2.5d-4d,Toyota Hilux 2.5D-4D,219950,Used Car,2015,170000,Manual,Diesel,AutoTrader,Link
AT26818957,toyota,hilux,2.5d-4d,Toyota Hilux 2.5D-4D SRX,219900,Used Car,2015,181000,Manual,Diesel,AutoTrader,Link
AT26544598,toyota,hilux,2.5d-4d,Toyota Hilux 2.5D-4D 4x4 SRX,219900,Used Car,2014,398500,Manual,Diesel,AutoTrader,Link
AT26731025,toyota,hilux,2.5d-4d,Toyota Hilux 2.5D-4D SRX,219900,Used Car,2011,233000,Manual,Diesel,AutoTrader,Link
AT26578367,toyota,hilux,2.5d-4d,Toyota Hilux 2.5D-4D S,219900,Used Car,2014,163200,Manual,Diesel,AutoTrader,Link
AT26870587,toyota,hilux,2.5d-4d,Toyota Hilux 2.5D-4D Double Cab Raider,219900,Used Car,2010,258965,Manual,Diesel,AutoTrader,Link
AT26738354,toyota,hilux,2.5d-4d,Toyota Hilux 2.5D-4D SRX,215000,Used Car,2013,124200,Manual,Diesel,AutoTrader,Link
AT26793518,toyota,hilux,2.5d-4d,Toyota Hilux 2.5D-4D Double Cab Raider,209995,Used Car,2012,103000,Manual,Diesel,AutoTrader,Link
AT26863328,toyota,hilux,2.5d-4d,Toyota Hilux 2.5D-4D,209995,Used Car,2014,318103,Manual,Diesel,AutoTrader,Link
AT26845814,toyota,hilux,2.5d-4d,Toyota Hilux 2.5D-4D,209900,Used Car,2014,197000,Manual,Diesel,AutoTrader,Link
AT26860569,toyota,hilux,2.5d-4d,Toyota Hilux 2.5D-4D Double Cab 4x4 SRX,209900,Used Car,2010,240000,Manual,Diesel,AutoTrader,Link
AT26829849,toyota,hilux,2.5d-4d,Toyota Hilux 2.5D-4D,199990,Used Car,2012,311441,Manual,Diesel,AutoTrader,Link
AT26833343,toyota,hilux,2.5d-4d,Toyota Hilux 2.5D-4D Double Cab 4x4 SRX,199990,Used Car,2011,252587,Manual,Diesel,AutoTrader,Link
AT26840755,toyota,hilux,2.5d-4d,Toyota Hilux 2.5D-4D SRX,199990,Used Car,2012,209719,Manual,Diesel,AutoTrader,Link
AT26853260,toyota,hilux,2.5d-4d,Toyota Hilux 2.5D-4D,199990,Used Car,2013,215823,Manual,Diesel,AutoTrader,Link
AT26821843,toyota,hilux,2.5d-4d,Toyota Hilux 2.5D-4D SRX,199900,Used Car,2014,342000,Manual,Diesel,AutoTrader,Link
AT26729907,toyota,hilux,2.5d-4d,Toyota Hilux 2.5D-4D 4x4 SRX,199000,Used Car,2009,215000,Manual,Diesel,AutoTrader,Link
AT26873438,toyota,hilux,2.5d-4d,Toyota Hilux 2.5D-4D 4x4 SRX,198995,Used Car,2014,116000,Manual,Diesel,AutoTrader,Link
AT26865117,toyota,hilux,2.5d-4d,Toyota Hilux 2.5D-4D 4x4 SRX,198500,Used Car,2014,118000,Manual,Diesel,AutoTrader,Link
AT26884272,toyota,hilux,2.5d-4d,Toyota Hilux 2.5D-4D Raised Body SRX,195000,Used Car,2011,103000,Manual,Diesel,AutoTrader,Link
AT26903368,toyota,hilux,2.5d-4d,Toyota Hilux 2.5D-4D SRX,190000,Used Car,2009,145000,Manual,Diesel,AutoTrader,Link
AT26867495,toyota,hilux,2.5d-4d,Toyota Hilux 2.5D-4D Double Cab Raider,189995,Used Car,2013,127000,Manual,Diesel,AutoTrader,Link
AT26876415,toyota,hilux,2.5d-4d,Toyota Hilux 2.5D-4D,189990,Used Car,2014,220000,Manual,Diesel,AutoTrader,Link
AT26900484,toyota,hilux,2.5d-4d,Toyota Hilux 2.5D-4D Double Cab 4x4 SRX,189000,Used Car,2010,296000,Manual,Diesel,AutoTrader,Link
AT26843014,toyota,hilux,2.5d-4d,Toyota Hilux 2.5D-4D,185000,Used Car,2013,380859,Manual,Diesel,AutoTrader,Link
AT26799023,toyota,hilux,2.5d-4d,Toyota Hilux 2.5D-4D,179995,Used Car,2012,343000,Manual,Diesel,AutoTrader,Link
AT26831471,toyota,hilux,2.5d-4d,Toyota Hilux 2.5D-4D,179990,Used Car,2005,251397,Manual,Diesel,AutoTrader,Link
AT26830097,toyota,hilux,2.5d-4d,Toyota Hilux 2.5D-4D,179990,Used Car,2007,196602,Manual,Diesel,AutoTrader,Link
AT26831184,toyota,hilux,2.5d-4d,Toyota Hilux 2.5D-4D,179990,Used Car,2008,273142,Manual,Diesel,AutoTrader,Link
AT26779612,toyota,hilux,2.5d-4d,Toyota Hilux 2.5D-4D,179900,Used Car,2014,141300,Manual,Diesel,AutoTrader,Link
AT26211910,toyota,hilux,2.5d-4d,Toyota Hilux 2.5D-4D SRX,174900,Used Car,2012,92000,Manual,Diesel,AutoTrader,Link
AT26830568,toyota,hilux,2.5d-4d,Toyota Hilux 2.5D-4D,169990,Used Car,2006,243368,Manual,Diesel,AutoTrader,Link
AT26831243,toyota,hilux,2.5d-4d,Toyota Hilux 2.5D-4D,169990,Used Car,2005,268349,Manual,Diesel,AutoTrader,Link
AT26805425,toyota,hilux,2.5d-4d,Toyota Hilux 2.5D-4D,169500,Used Car,2010,317000,Manual,Diesel,AutoTrader,Link
AT25548338,toyota,hilux,2.5d-4d,Toyota Hilux 2.5D-4D,POA,Used Car,2013,224000,Manual,Diesel,AutoTrader,Link
AT26901353,toyota,hilux,2.5d-4d,Toyota Hilux 2.5D-4D Xtra Cab SRX,164999,Used Car,2013,114000,Manual,Diesel,AutoTrader,Link
AT26580873,toyota,hilux,2.5d-4d,Toyota Hilux 2.5D-4D SRX,164900,Used Car,2014,102000,Manual,Diesel,AutoTrader,Link
AT26901961,toyota,hilux,2.5d-4d,Toyota Hilux 2.5D-4D Xtra Cab SRX,163900,Used Car,2014,250000,Manual,Diesel,AutoTrader,Link
AT26874890,toyota,hilux,2.5d-4d,Toyota Hilux 2.5D-4D Raised Body SRX,159999,Used Car,2007,118000,Manual,Diesel,AutoTrader,Link
AT26787736,toyota,hilux,2.5d-4d,Toyota Hilux 2.5D-4D Double Cab 4x4 SRX,159999,Used Car,2007,140000,Manual,Diesel,AutoTrader,Link
AT26885736,toyota,hilux,2.5d-4d,Toyota Hilux 2.5D-4D S,159990,Used Car,2011,293694,Manual,Diesel,AutoTrader,Link
AT26677251,toyota,hilux,2.5d-4d,Toyota Hilux 2.5D-4D,159900,Used Car,2014,223100,Manual,Diesel,AutoTrader,Link
AT26857838,toyota,hilux,2.5d-4d,Toyota Hilux 2.5D-4D Xtra Cab SRX,155000,Used Car,2012,102000,Manual,Diesel,AutoTrader,Link
AT26869946,toyota,hilux,2.5d-4d,Toyota Hilux 2.5D-4D Raised Body SRX,154999,Used Car,2007,118000,Manual,Diesel,AutoTrader,Link
AT26877986,toyota,hilux,2.5d-4d,Toyota Hilux 2.5D-4D Raised Body SRX,154995,Used Car,2007,115000,Manual,Diesel,AutoTrader,Link
AT26871782,toyota,hilux,2.5d-4d,Toyota Hilux 2.5D-4D Raised Body SRX,154995,Used Car,2007,117000,Manual,Diesel,AutoTrader,Link
AT26858453,toyota,hilux,2.5d-4d,Toyota Hilux 2.5D-4D Xtra Cab SRX,149000,Used Car,2013,178000,Manual,Diesel,AutoTrader,Link
AT26588659,toyota,hilux,2.5d-4d,Toyota Hilux 2.5D-4D,129950,Used Car,2007,520400,Manual,Diesel,AutoTrader,Link
AT26868881,toyota,hilux,2.5d-4d,Toyota Hilux 2.5D-4D SRX,238999,Used Car,2016,100000,Manual,Diesel,AutoTrader,Link
AT26893947,toyota,hilux,2.5d-4d,Toyota Hilux 2.5D-4D Double Cab 4x4 SRX,230000,Used Car,2015,123000,Manual,Diesel,AutoTrader,Link
AT26898253,toyota,hilux,2.5d-4d,Toyota Hilux 2.5D-4D Double Cab 4x4 SRX,220000,Used Car,2013,135000,Manual,Diesel,AutoTrader,Link
AT26906731,toyota,hilux,2.5d-4d,Toyota Hilux 2.5D-4D SRX,200000,Used Car,2009,145000,Manual,Diesel,AutoTrader,Link
AT26907324,toyota,hilux,2.5d-4d,Toyota Hilux 2.5D-4D SRX,200000,Used Car,2013,137000,Manual,Diesel,AutoTrader,Link
AT26903890,toyota,hilux,2.5d-4d,Toyota Hilux 2.5D-4D SRX,195000,Used Car,2009,145000,Manual,Diesel,AutoTrader,Link
AT26865347,toyota,hilux,2.5d-4d,Toyota Hilux 2.5D-4D Double Cab Raider,190000,Used Car,2012,130000,Manual,Diesel,AutoTrader,Link
AT26903840,toyota,hilux,2.5d-4d,Toyota Hilux 2.5D-4D SRX,190000,Used Car,2009,145000,Manual,Diesel,AutoTrader,Link
AT26904137,toyota,hilux,2.5d-4d,Toyota Hilux 2.5D-4D SRX,190000,Used Car,2009,145000,Manual,Diesel,AutoTrader,Link
AT26903156,toyota,hilux,2.5d-4d,Toyota Hilux 2.5D-4D SRX,190000,Used Car,2009,145000,Manual,Diesel,AutoTrader,Link
AT26709270,toyota,hilux,2.5d-4d,Toyota Hilux 2.5D-4D 4x4 SRX,185999,Used Car,2009,124000,Manual,Diesel,AutoTrader,Link
AT26898106,toyota,hilux,2.5d-4d,Toyota Hilux 2.5D-4D,164999,Used Car,2016,68000,Manual,Diesel,AutoTrader,Link
AT26876290,toyota,hilux,2.5d-4d,Toyota Hilux 2.5D-4D,160999,Used Car,2006,117000,Manual,Diesel,AutoTrader,Link
AT26872906,toyota,hilux,2.5d-4d,Toyota Hilux 2.5D-4D Raised Body SRX,149999,Used Car,2008,105000,Manual,Diesel,AutoTrader,Link
AT26906014,toyota,hilux,2.5d-4d,Toyota Hilux 2.5D-4D 4x4 SRX,145000,Used Car,2011,321000,Manual,Diesel,AutoTrader,Link
AT26904595,toyota,hilux,2.5d-4d,Toyota Hilux 2.5D-4D 4x4 SRX,144999,Used Car,2011,99000,Manual,Diesel,AutoTrader,Link
AT26827452,toyota,hilux,2.5d-4d,Toyota Hilux 2.5D-4D Raised Body SRX,139999,Used Car,2007,96000,Manual,Diesel,AutoTrader,Link